"","GGG","GGA","GGC","GGT","GAG","GAA","GAC","GAT","GCG","GCA","GCC","GCT","GTG","GTA","GTC","GTT","AGG","AGA","AGC","AGT","AAG","AAA","AAC","AAT","ACG","ACA","ACC","ACT","ATG","ATA","ATC","ATT","CGG","CGA","CGC","CGT","CAG","CAA","CAC","CAT","CCG","CCA","CCC","CCT","CTG","CTA","CTC","CTT","TGG","TGA","TGC","TGT","TAG","TAA","TAC","TAT","TCG","TCA","TCC","TCT","TTG","TTA","TTC","TTT"
"Bendability-DNAse",0.0723036418960159,0.265113353618725,1.03635220050956,-0.120506069826693,0.419361122996892,-0.159068012171235,0.0337416995514739,-0.737497147339363,-0.46756355092757,0.766418604097769,1.03635220050956,0.303675295963267,0.496485007685976,0.342237238307809,0.0337416995514739,-1.5087359942302,-0.313315781549402,0.380799180652351,0.303675295963267,-1.35448822485203,-0.506125493272112,-2.08716512939833,-1.5087359942302,-2.12572707174287,-0.120506069826693,0.110865584240558,-0.120506069826693,-1.35448822485203,1.22916191223227,1.61478133567769,-0.737497147339363,-2.12572707174287,-0.968868801406614,0.110865584240558,-0.46756355092757,-0.120506069826693,1.57621939333315,0.265113353618725,0.496485007685976,1.22916191223227,-0.968868801406614,-1.85579347533108,0.0723036418960159,-0.313315781549402,1.57621939333315,0.882104431131394,0.419361122996892,-0.506125493272112,-1.85579347533108,1.73046716271131,0.766418604097769,0.110865584240558,0.882104431131394,0.689294719408685,0.342237238307809,1.61478133567769,0.110865584240558,1.73046716271131,0.265113353618725,0.380799180652351,0.265113353618725,0.689294719408685,-0.159068012171235,-2.08716512939833
"Bendability-consensus",0.35778350170218,-0.0969693602744228,2.0965444445539,0.0635316498349662,0.438034006756874,-0.605222558954155,0.170532323241226,-0.391221212141636,0.384533670053745,0.839286532030347,2.0965444445539,0.919537037085042,0.785786195327218,-0.070219191922858,0.170532323241226,-1.35422727279797,-0.070219191922858,-0.150469696977552,0.919537037085042,-0.68547306400885,-0.257470370383812,-2.74523602707934,-1.35422727279797,-2.58473501696995,0.0635316498349662,0.170532323241226,0.0635316498349662,-0.68547306400885,1.34753973071008,0.571784848514699,-0.391221212141636,-2.58473501696995,-0.712223232360414,0.999787542139736,0.384533670053745,0.0635316498349662,0.919537037085042,-0.230720202032247,0.785786195327218,1.34753973071008,-0.712223232360414,-1.14022592598545,0.35778350170218,-0.070219191922858,0.919537037085042,-0.0969693602744228,0.438034006756874,-0.257470370383812,-1.14022592598545,1.34753973071008,0.839286532030347,0.170532323241226,-0.0969693602744228,-0.284220538735377,-0.070219191922858,0.571784848514699,0.999787542139736,1.34753973071008,-0.0969693602744228,-0.150469696977552,-0.230720202032247,-0.284220538735377,-0.605222558954155,-2.74523602707934
"Trinucleotide GC Content",1.73205080756888,0.577350269189626,1.73205080756888,0.577350269189626,0.577350269189626,-0.577350269189626,0.577350269189626,-0.577350269189626,1.73205080756888,0.577350269189626,1.73205080756888,0.577350269189626,0.577350269189626,-0.577350269189626,0.577350269189626,-0.577350269189626,0.577350269189626,-0.577350269189626,0.577350269189626,-0.577350269189626,-0.577350269189626,-1.73205080756888,-0.577350269189626,-1.73205080756888,0.577350269189626,-0.577350269189626,0.577350269189626,-0.577350269189626,-0.577350269189626,-1.73205080756888,-0.577350269189626,-1.73205080756888,1.73205080756888,0.577350269189626,1.73205080756888,0.577350269189626,0.577350269189626,-0.577350269189626,0.577350269189626,-0.577350269189626,1.73205080756888,0.577350269189626,1.73205080756888,0.577350269189626,0.577350269189626,-0.577350269189626,0.577350269189626,-0.577350269189626,0.577350269189626,-0.577350269189626,0.577350269189626,-0.577350269189626,-0.577350269189626,-1.73205080756888,-0.577350269189626,-1.73205080756888,0.577350269189626,-0.577350269189626,0.577350269189626,-0.577350269189626,-0.577350269189626,-1.73205080756888,-0.577350269189626,-1.73205080756888
"Nucleosome positioning",0.571879062353093,-0.501092728902222,2.47938446902921,0.27383134255995,0.27383134255995,-0.918359536612622,0.27383134255995,0.214221798601322,1.28719358985664,0.571879062353093,2.47938446902921,1.28719358985664,0.810317238187608,-0.56070227286085,0.27383134255995,-0.56070227286085,0.27383134255995,-0.739530904736736,1.28719358985664,0.452659974435836,0.154612254642693,-2.34898859161971,-0.56070227286085,-1.99133132786794,0.27383134255995,0.154612254642693,0.27383134255995,0.452659974435836,0.869926782146236,-0.977969080571251,0.214221798601322,-1.99133132786794,-0.0838259211918215,1.64485085360841,1.28719358985664,0.27383134255995,-0.322264097026336,-0.739530904736736,0.810317238187608,0.869926782146236,-0.0838259211918215,0.27383134255995,0.571879062353093,0.27383134255995,-0.322264097026336,-1.27601680036439,0.27383134255995,0.154612254642693,0.27383134255995,0.27383134255995,0.571879062353093,0.154612254642693,-1.27601680036439,-1.39523588828165,-0.56070227286085,-0.977969080571251,1.64485085360841,0.27383134255995,-0.501092728902222,-0.739530904736736,-0.739530904736736,-1.39523588828165,-0.918359536612622,-2.34898859161971
"Consensus_roll",0.344719063404295,-0.10347006456566,2.08929644984528,0.070891208643744,0.427036234343175,-0.600481420872413,0.178289392603064,-0.396858965805828,0.3792054563074,0.842185950930436,2.08929644984528,0.910596021700931,0.772677246042592,-0.0624186629125471,0.178289392603064,-1.36263874281726,-0.0704574491370474,-0.15829458661675,0.910596021700931,-0.675563684209243,-0.259717272815858,-2.74415774740574,-1.36263874281726,-2.59050974670147,0.0652372623325126,0.164275108618352,0.070891208643744,-0.675563684209243,1.35765971959946,0.583953341445415,-0.396858965805828,-2.59050974670147,-0.704610498433769,1.01191152408371,0.3792054563074,0.0652372623325126,0.919545870364208,-0.22614194235153,0.772677246042592,1.35765971959946,-0.704610498433769,-1.13889252623534,0.344719063404295,-0.0704574491370474,0.919545870364208,-0.0969050558156521,0.427036234343175,-0.259717272815858,-1.13889252623534,1.34849550330353,0.842185950930436,0.164275108618352,-0.0969050558156521,-0.274856986872,-0.0624186629125471,0.583953341445415,1.01191152408371,1.34849550330353,-0.10347006456566,-0.15829458661675,-0.22614194235153,-0.274856986872,-0.600481420872413,-2.74415774740574
"Consensus_Rigid",0.344719063404295,-0.10347006456566,2.08929644984528,0.070891208643744,0.427036234343175,-0.600481420872413,0.178289392603064,-0.396858965805828,0.3792054563074,0.842185950930436,2.08929644984528,0.910596021700931,0.772677246042592,-0.0624186629125471,0.178289392603064,-1.36263874281726,-0.0704574491370474,-0.15829458661675,0.910596021700931,-0.675563684209243,-0.259717272815858,-2.74415774740574,-1.36263874281726,-2.59050974670147,0.0652372623325126,0.164275108618352,0.070891208643744,-0.675563684209243,1.35765971959946,0.583953341445415,-0.396858965805828,-2.59050974670147,-0.704610498433769,1.01191152408371,0.3792054563074,0.0652372623325126,0.919545870364208,-0.22614194235153,0.772677246042592,1.35765971959946,-0.704610498433769,-1.13889252623534,0.344719063404295,-0.0704574491370474,0.919545870364208,-0.0969050558156521,0.427036234343175,-0.259717272815858,-1.13889252623534,1.34849550330353,0.842185950930436,0.164275108618352,-0.0969050558156521,-0.274856986872,-0.0624186629125471,0.583953341445415,1.01191152408371,1.34849550330353,-0.10347006456566,-0.15829458661675,-0.22614194235153,-0.274856986872,-0.600481420872413,-2.74415774740574
"Dnase I",-0.300282636568625,0.0659272392751479,-1.6872664970478,-0.0782498771987784,-0.365162338981892,0.47394847889636,-0.165477032665504,0.306703023786605,-0.326234517533932,-0.70181590594851,-1.6872664970478,-0.752998782296754,-0.645586830523679,0.0306038457390359,-0.165477032665504,1.10472336346979,0.0392544727274715,0.109180374217326,-0.752998782296754,0.535944638980148,0.192803101772203,2.27399977807333,1.10472336346979,2.14135683091732,-0.0739245637045607,-0.152501092182851,-0.0782498771987784,0.535944638980148,-1.11199980231683,-0.490596430314208,0.306703023786605,2.14135683091732,0.558292092033607,-0.834458853104523,-0.326234517533932,-0.0739245637045607,-0.76164940928519,0.166130335224527,-0.645586830523679,-1.11199980231683,0.558292092033607,0.917293112053684,-0.300282636568625,0.0392544727274715,-0.76164940928519,0.0616019257809302,-0.365162338981892,0.192803101772203,0.917293112053684,4.52172102390184,-0.70181590594851,-0.152501092182851,0.0616019257809302,0.205779042254856,0.0306038457390359,-0.490596430314208,-0.834458853104523,-1.1033491753284,0.0659272392751479,0.109180374217326,0.166130335224527,0.205779042254856,0.47394847889636,-2.61504624155751
"Dnase I-Rigid",-0.0842387289621652,-0.275263046687726,-1.02937646823149,0.107451178720628,-0.427017556936604,0.14605539624008,-0.0463001013999458,0.727115428903546,0.454889136395691,-0.767134025082116,-1.02937646823149,-0.313201674249946,-0.502894812061043,-0.351140301812165,-0.0463001013999458,1.51583952822337,0.299806676360653,-0.389078929374385,-0.313201674249946,1.35676352844494,0.493493353915142,2.11753284956103,1.51583952822337,2.15813383695218,0.107451178720628,-0.122842946481616,0.107451178720628,1.35676352844494,-1.2150760662992,-1.58514408252015,0.727115428903546,2.15813383695218,0.962068683806415,-0.122842946481616,0.454889136395691,0.107451178720628,-1.54853663487239,-0.275263046687726,-0.502894812061043,-1.2150760662992,0.962068683806415,1.87592369508584,-0.0842387289621652,0.299806676360653,-1.54853663487239,-0.87961872785431,-0.427017556936604,0.493493353915142,1.87592369508584,-1.69563201542065,-0.767134025082116,-0.122842946481616,-0.87961872785431,-0.691922359914909,-0.351140301812165,-1.58514408252015,-0.122842946481616,-1.69563201542065,-0.275263046687726,-0.389078929374385,-0.275263046687726,-0.691922359914909,0.14605539624008,2.11753284956103
"MW-Daltons",1,1,1,1,-1,-1,-1,-1,1,1,1,1,-1,-1,-1,-1,1,1,1,1,-1,-1,-1,-1,1,1,1,1,-1,-1,-1,-1,1,1,1,1,-1,-1,-1,-1,1,1,1,1,-1,-1,-1,-1,1,1,1,1,-1,-1,-1,-1,1,1,1,1,-1,-1,-1,-1
"MW-kg",1,1,1,1,-1,-1,-1,-1,1,1,1,1,-1,-1,-1,-1,1,1,1,1,-1,-1,-1,-1,1,1,1,1,-1,-1,-1,-1,1,1,1,1,-1,-1,-1,-1,1,1,1,1,-1,-1,-1,-1,1,1,1,1,-1,-1,-1,-1,1,1,1,1,-1,-1,-1,-1
"Nucleosome",0.555306139161122,-0.507018648799286,2.48680575363459,0.265581196990102,0.265581196990102,-0.89331857169398,0.265581196990102,0.217293706628265,1.27961849458867,0.555306139161122,2.48680575363459,1.27961849458867,0.796743590970306,-0.555306139161123,0.265581196990102,-0.555306139161123,0.265581196990102,-0.74845610060847,1.27961849458867,0.458731158437449,0.169006216266428,-2.34194328254908,-0.555306139161123,-2.00393085001622,0.265581196990102,0.169006216266428,0.265581196990102,0.458731158437449,0.89331857169398,-0.989893552417654,0.217293706628265,-2.00393085001622,-0.0724312355427553,1.66591841748337,1.27961849458867,0.265581196990102,-0.313868687351939,-0.74845610060847,0.796743590970306,0.89331857169398,-0.0724312355427553,0.265581196990102,0.555306139161122,0.265581196990102,-0.313868687351939,-1.27961849458867,0.265581196990102,0.169006216266428,0.265581196990102,0.265581196990102,0.555306139161122,0.169006216266428,-1.27961849458867,-1.37619347531235,-0.555306139161123,-0.989893552417654,1.66591841748337,0.265581196990102,-0.507018648799286,-0.74845610060847,-0.74845610060847,-1.37619347531235,-0.89331857169398,-2.34194328254908
"Nucleosome-Rigid",-0.561827703782737,0.499189467194466,-2.43267904168157,-0.274521391451618,-0.274521391451618,0.88982524273239,-0.274521391451618,-0.226637006063098,-1.27169271524413,-0.561827703782737,-2.43267904168157,-1.27169271524413,-0.799569476852055,0.547913929519626,-0.274521391451618,0.547913929519626,-0.274521391451618,0.742811778820268,-1.27169271524413,-0.466058933005698,-0.178752620674579,2.38600226688947,0.547913929519626,2.03232987656374,-0.274521391451618,-0.178752620674579,-0.274521391451618,-0.466058933005698,-0.894498170692454,0.988114244319352,-0.226637006063098,2.03232987656374,0.0623494601413019,-1.64636702898588,-1.27169271524413,-0.274521391451618,0.304291617893823,0.742811778820268,-0.799569476852055,-0.894498170692454,0.0623494601413019,-0.274521391451618,-0.561827703782737,-0.274521391451618,0.304291617893823,1.28466140295352,-0.274521391451618,-0.178752620674579,-0.274521391451618,-0.274521391451618,-0.561827703782737,-0.178752620674579,1.28466140295352,1.38379048147712,0.547913929519626,0.988114244319352,-1.64636702898588,-0.274521391451618,0.499189467194466,0.742811778820268,0.742811778820268,1.38379048147712,0.88982524273239,2.38600226688947
